OBJECTID,Identifier,Occurrence Date,Day of Week,Occurrence Month,Occurrence Day,Occurrence Year,Occurrence Hour,CompStat Month,CompStat Day,CompStat Year,Offense,Offense Classification,Sector,Precinct,Borough,Jurisdiction,XCoordinate,YCoordinate,Location 1
11,987726177,01/01/2015 02:51:00 AM,Thursday,Jan,1,2015,0200,Jan,1,2015,MURDER,FELONY,E,040,Bronx,NYPD-HOUSING BUREAU,1009770,236752,"(40.816476633, -73.90780368)"
12,987726176,01/01/2015 07:23:00 AM,Thursday,Jan,1,2015,0700,Jan,1,2015,MURDER,FELONY,C,045,Bronx,NYPD,1034500,240449,"(40.8265177810001, -73.818432502)"
13,987726179,01/02/2015 02:33:00 AM,Friday,Jan,2,2015,0200,Jan,2,2015,MURDER,FELONY,F,107,Queens,NYPD-HOUSING BUREAU,1035990,205367,"(40.7302185550001, -73.813318825)"
14,987726186,01/02/2015 07:28:00 PM,Friday,Jan,2,2015,1900,Jan,2,2015,MURDER,FELONY,B,023,Manhattan,NYPD-HOUSING BUREAU,999132,225422,"(40.7854032070001, -73.9462613749999)"
15,987726188,01/03/2015 07:38:00 PM,Saturday,Jan,3,2015,1900,Jan,3,2015,MURDER,FELONY,A,075,Brooklyn,NYPD,1012360,185943,"(40.6770109220001, -73.898658982)"
16,987726185,01/04/2015 03:00:00 PM,Sunday,Jan,4,2015,1500,Jan,4,2015,MURDER,FELONY,F,017,Manhattan,NYPD,994064,213844,"(40.7536316860001, -73.964579225)"
17,987726194,01/06/2015 07:34:00 PM,Tuesday,Jan,6,2015,1900,Jan,6,2015,MURDER,FELONY,E,063,Brooklyn,NYPD,1006180,167872,"(40.6274274410001, -73.920997923)"
18,987726196,01/06/2015 10:05:00 PM,Tuesday,Jan,6,2015,2200,Jan,6,2015,MURDER,FELONY,M,106,Queens,NYPD,1036650,181427,"(40.664505085, -73.811123736)"
19,987726201,01/08/2015 05:30:00 PM,Thursday,Jan,8,2015,1700,Jan,8,2015,MURDER,FELONY,E,077,Brooklyn,NYPD,999271,185194,"(40.6749869720001, -73.945849231)"
20,987726208,01/10/2015 02:25:00 AM,Saturday,Jan,10,2015,0200,Jan,10,2015,MURDER,FELONY,C,101,Queens,NYPD,1053200,161155,"(40.6087495640001, -73.751676082)"
21,987726209,01/11/2015 01:05:00 PM,Sunday,Jan,11,2015,1300,Jan,11,2015,MURDER,FELONY,H,063,Brooklyn,NYPD,1005737,169981,"(40.633217286, -73.92258713)"
22,987726215,01/12/2015 10:06:00 AM,Monday,Jan,12,2015,1000,Jan,12,2015,MURDER,FELONY,D,067,Brooklyn,NYPD,999390,172259,"(40.639483032, -73.9454492639999)"
23,987726219,01/12/2015 03:28:00 PM,Monday,Jan,12,2015,1500,Jan,12,2015,MURDER,FELONY,P,114,Queens,NYPD,1004880,220826,"(40.7727768560001, -73.925519013)"
24,987726220,01/12/2015 10:20:00 PM,Monday,Jan,12,2015,2200,Jan,12,2015,MURDER,FELONY,D,040,Bronx,NYPD,1010840,236282,"(40.8151834600001, -73.903939887)"
25,987726239,01/16/2015 06:54:00 PM,Friday,Jan,16,2015,1800,Jan,16,2015,MURDER,FELONY,G,046,Bronx,NYPD,1011260,251004,"(40.855589803, -73.902363275)"
26,987726467,01/17/2015 05:11:00 PM,Saturday,Jan,17,2015,1700,Jan,17,2015,MURDER,FELONY,M,019,Manhattan,NYPD-HOUSING BUREAU,994276,218779,"(40.76717676, -73.963806683)"
27,987726238,01/18/2015 11:17:00 AM,Sunday,Jan,18,2015,1100,Jan,18,2015,MURDER,FELONY,B,100,Queens,NYPD,1037000,154717,"(40.5911898410001, -73.8100708969999)"
28,987726247,01/20/2015 08:02:00 AM,Tuesday,Jan,20,2015,0800,Jan,20,2015,MURDER,FELONY,B,100,Queens,NYPD,1037776,153560,"(40.5880094620001, -73.807286023)"
29,987726252,01/20/2015 03:00:00 PM,Tuesday,Jan,20,2015,1500,Jan,20,2015,MURDER,FELONY,A,102,Queens,NYPD,1035580,193265,"(40.6970039080001, -73.814890409)"
30,987726254,01/20/2015 09:34:00 PM,Tuesday,Jan,20,2015,2100,Jan,20,2015,MURDER,FELONY,G,014,Manhattan,NYPD,987543,214140,"(40.7544489630001, -73.9881156929999)"
31,987726250,01/20/2015 10:15:00 PM,Tuesday,Jan,20,2015,2200,Jan,20,2015,MURDER,FELONY,H,122,Staten Island,NYPD,965092,155703,"(40.594032466, -74.0689842209999)"
32,987726255,01/21/2015 10:47:00 PM,Wednesday,Jan,21,2015,2200,Jan,21,2015,MURDER,FELONY,H,014,Manhattan,NYPD,987608,215185,"(40.7573171990001, -73.98788056)"
33,987726257,01/22/2015 05:30:00 AM,Thursday,Jan,22,2015,0500,Jan,22,2015,MURDER,FELONY,A,041,Bronx,NYPD,1017269,234785,"(40.8110529260001, -73.880721259)"
34,987726268,01/24/2015 05:40:00 AM,Saturday,Jan,24,2015,0500,Jan,24,2015,MURDER,FELONY,B,105,Queens,NYPD,1053350,178228,"(40.6556099850001, -73.7509610449999)"
35,987726269,01/24/2015 05:40:00 AM,Saturday,Jan,24,2015,0500,Jan,24,2015,MURDER,FELONY,B,105,Queens,NYPD,1053350,178228,"(40.6556099850001, -73.7509610449999)"
36,987726270,01/24/2015 05:40:00 AM,Saturday,Jan,24,2015,0500,Jan,24,2015,MURDER,FELONY,B,105,Queens,NYPD,1053350,178228,"(40.6556099850001, -73.7509610449999)"
37,987726272,01/24/2015 09:37:00 PM,Saturday,Jan,24,2015,2100,Jan,24,2015,MURDER,FELONY,H,060,Brooklyn,NYPD,983409,149076,"(40.575863332, -74.003028828)"
38,987726273,01/25/2015 02:43:00 PM,Sunday,Jan,25,2015,1400,Jan,25,2015,MURDER,FELONY,H,013,Manhattan,NYPD,986691,209691,"(40.7422378520001, -73.991192516)"
39,987726275,01/25/2015 11:19:00 PM,Sunday,Jan,25,2015,2300,Jan,25,2015,MURDER,FELONY,C,113,Queens,NYPD,1046950,186768,"(40.679097939, -73.773947482)"
40,987726276,01/25/2015 11:19:00 PM,Sunday,Jan,25,2015,2300,Jan,25,2015,MURDER,FELONY,C,113,Queens,NYPD,1046950,186768,"(40.679097939, -73.773947482)"
41,987726279,01/25/2015 11:34:00 PM,Sunday,Jan,25,2015,2300,Jan,25,2015,MURDER,FELONY,E,081,Brooklyn,NYPD,1006210,189585,"(40.6870247740001, -73.920819143)"
42,987726286,01/27/2015 02:45:00 PM,Tuesday,Jan,27,2015,1400,Jan,27,2015,MURDER,FELONY,E,067,Brooklyn,NYPD,998712,170677,"(40.6351419120001, -73.947895611)"
43,987726288,01/28/2015 12:45:00 PM,Wednesday,Jan,28,2015,1200,Jan,28,2015,MURDER,FELONY,G,040,Bronx,NYPD,1006710,238639,"(40.8216642260001, -73.9188524209999)"
44,987726304,01/31/2015 02:30:00 PM,Saturday,Jan,31,2015,1400,Jan,31,2015,MURDER,FELONY,G,114,Queens,NYPD,1006020,222899,"(40.7784639610001, -73.92139645)"
45,987726303,02/01/2015 04:00:00 AM,Sunday,Feb,1,2015,0400,Feb,1,2015,MURDER,FELONY,E,049,Bronx,NYPD,1021200,253603,"(40.8626872670001, -73.8664169899999)"
46,987726305,02/01/2015 11:16:00 PM,Sunday,Feb,1,2015,2300,Feb,1,2015,MURDER,FELONY,A,030,Manhattan,NYPD,996752,238186,"(40.820440574, -73.954831977)"
47,987726341,02/13/2015 11:00:00 PM,Friday,Feb,13,2015,2300,Feb,13,2015,MURDER,FELONY,D,102,Queens,NYPD,1024850,189907,"(40.687842716, -73.853606092)"
48,987726385,02/14/2015 08:30:00 AM,Saturday,Feb,14,2015,0800,Feb,14,2015,MURDER,FELONY,J,107,Queens,NYPD,1036790,205267,"(40.7299393640001, -73.810433142)"
49,987726346,02/16/2015 12:03:00 AM,Monday,Feb,16,2015,0000,Feb,16,2015,MURDER,FELONY,H,023,Manhattan,NYPD,998730,226827,"(40.789260224, -73.947710001)"
50,987726343,02/16/2015 01:45:00 AM,Monday,Feb,16,2015,0100,Feb,16,2015,MURDER,FELONY,M,120,Staten Island,NYPD-HOUSING BUREAU,951189,171284,"(40.636758098, -74.1191214139999)"
51,987726351,02/19/2015 09:12:00 AM,Thursday,Feb,19,2015,0900,Feb,19,2015,MURDER,FELONY,G,075,Brooklyn,NYPD,1014410,183087,"(40.669165101, -73.891281087)"
52,987726352,02/19/2015 01:57:00 PM,Thursday,Feb,19,2015,1300,Feb,19,2015,MURDER,FELONY,J,088,Brooklyn,NYPD-HOUSING BUREAU,995188,190691,"(40.690080972, -73.960559932)"
53,987726353,02/19/2015 03:20:00 PM,Thursday,Feb,19,2015,1500,Feb,19,2015,MURDER,FELONY,C,047,Bronx,NYPD,1024590,259613,"(40.879168018, -73.854125042)"
54,987726366,02/19/2015 03:26:00 PM,Thursday,Feb,19,2015,1500,Feb,19,2015,MURDER,FELONY,C,052,Bronx,NYPD,1011710,254066,"(40.8639926810001, -73.900724033)"
55,987726354,02/20/2015 02:20:00 AM,Friday,Feb,20,2015,0200,Feb,20,2015,MURDER,FELONY,B,108,Queens,NYPD,996933,209751,"(40.74239378, -73.954231702)"
56,987726363,02/22/2015 06:30:00 PM,Sunday,Feb,22,2015,1800,Feb,22,2015,MURDER,FELONY,A,069,Brooklyn,NYPD,1009760,173595,"(40.643126269, -73.908079234)"
57,987726364,02/22/2015 10:48:00 PM,Sunday,Feb,22,2015,2200,Feb,22,2015,MURDER,FELONY,I,067,Brooklyn,NYPD,998032,175598,"(40.648650085, -73.950335563)"
58,987726368,02/23/2015 04:39:00 PM,Monday,Feb,23,2015,1600,Feb,23,2015,MURDER,FELONY,A,009,Manhattan,NYPD-HOUSING BUREAU,990299,201865,"(40.7207556660001, -73.97817922)"
59,987726373,02/25/2015 01:44:00 PM,Wednesday,Feb,25,2015,1300,Feb,25,2015,MURDER,FELONY,M,067,Brooklyn,NYPD,1006730,179770,"(40.660083505, -73.918976887)"
60,987726384,02/27/2015 05:00:00 PM,Friday,Feb,27,2015,1700,Feb,27,2015,MURDER,FELONY,A,075,Brooklyn,NYPD,1017141,183798,"(40.671106911, -73.881432957)"
61,987726387,03/03/2015 04:42:00 PM,Tuesday,Mar,3,2015,1600,Mar,3,2015,MURDER,FELONY,J,043,Bronx,NYPD,1020316,239179,"(40.823101299, -73.8696904609999)"
62,987726390,03/04/2015 12:45:00 AM,Wednesday,Mar,4,2015,0000,Mar,4,2015,MURDER,FELONY,F,049,Bronx,NYPD,1023630,253262,"(40.8617408210001, -73.857633887)"
63,987726391,03/04/2015 10:02:00 PM,Wednesday,Mar,4,2015,2200,Mar,4,2015,MURDER,FELONY,B,046,Bronx,NYPD,1012080,249074,"(40.850289983, -73.8994070799999)"
64,987726395,03/06/2015 12:45:00 PM,Friday,Mar,6,2015,1200,Mar,6,2015,MURDER,FELONY,A,100,Queens,NYPD,1039860,155183,"(40.5924514320001, -73.799769442)"
65,987726396,03/06/2015 02:51:00 PM,Friday,Mar,6,2015,1400,Mar,6,2015,MURDER,FELONY,G,109,Queens,NYPD,1035380,215652,"(40.7584517970001, -73.815441569)"
66,987726398,03/09/2015 03:00:00 PM,Monday,Mar,9,2015,1500,Mar,9,2015,MURDER,FELONY,G,044,Bronx,NYPD,1006620,242128,"(40.831240763, -73.919165963)"
67,987726399,03/10/2015 02:30:00 PM,Tuesday,Mar,10,2015,1400,Mar,10,2015,MURDER,FELONY,J,071,Brooklyn,NYPD,999020,180686,"(40.662613939, -73.946763988)"
68,987726407,03/13/2015 01:15:00 AM,Friday,Mar,13,2015,0100,Mar,13,2015,MURDER,FELONY,I,047,Bronx,NYPD,1026387,262634,"(40.887451313, -73.847607787)"
69,987726421,03/13/2015 08:26:00 PM,Friday,Mar,13,2015,2000,Mar,13,2015,MURDER,FELONY,G,052,Bronx,NYPD,1013790,254575,"(40.8653830160001, -73.893201875)"
70,987726420,03/14/2015 03:00:00 PM,Saturday,Mar,14,2015,1500,Mar,14,2015,MURDER,FELONY,G,076,Brooklyn,NYPD,987599,188229,"(40.6833294690001, -73.987926455)"
71,987726411,03/17/2015 08:15:00 PM,Tuesday,Mar,17,2015,2000,Mar,17,2015,MURDER,FELONY,K,044,Bronx,NYPD,1006434,244344,"(40.8373235110001, -73.9198307569999)"
72,987726438,03/19/2015 07:43:00 AM,Thursday,Mar,19,2015,0700,Mar,19,2015,MURDER,FELONY,F,045,Bronx,NYPD,1032047,242037,"(40.830889993, -73.8272846199999)"
73,987726433,03/21/2015 03:55:00 PM,Saturday,Mar,21,2015,1500,Mar,21,2015,MURDER,FELONY,I,070,Brooklyn,NYPD,991547,168934,"(40.6303665450001, -73.973712613)"
74,987726439,03/22/2015 02:00:00 AM,Sunday,Mar,22,2015,0200,Mar,22,2015,MURDER,FELONY,C,104,Queens,NYPD,1017910,196691,"(40.706492316, -73.878596386)"
75,987726432,03/22/2015 04:39:00 PM,Wednesday,Mar,25,2015,0300,Mar,25,2015,MURDER,FELONY,H,042,Bronx,NYPD,1011850,241511,"(40.8295324810001, -73.900269561)"
76,987726445,03/24/2015 06:49:00 AM,Tuesday,Mar,24,2015,0600,Mar,24,2015,MURDER,FELONY,M,061,Brooklyn,NYPD,995244,155739,"(40.5941451690001, -73.960414952)"
77,987726419,03/25/2015 12:25:00 PM,Saturday,Mar,14,2015,0100,Mar,14,2015,MURDER,FELONY,E,104,Queens,NYPD,1013764,195875,"(40.70426739, -73.89355376)"
78,987726446,03/26/2015 01:59:00 PM,Thursday,Mar,26,2015,1300,Mar,26,2015,MURDER,FELONY,H,075,Brooklyn,NYPD,1017226,185362,"(40.6753994210001, -73.881118891)"
79,987726423,03/26/2015 02:47:00 PM,Thursday,Mar,26,2015,1400,Mar,26,2015,MURDER,FELONY,P,113,Queens,NYPD,1047796,194750,"(40.7010005880001, -73.770822101)"
80,987726426,03/28/2015 03:48:00 AM,Wednesday,Mar,18,2015,0100,Mar,18,2015,MURDER,FELONY,C,025,Manhattan,NYPD,1000555,230994,"(40.800694331, -73.941109286)"
81,987726435,03/30/2015 02:24:00 PM,Monday,Mar,30,2015,1400,Mar,30,2015,MURDER,FELONY,D,014,Manhattan,NYPD,987832,212801,"(40.750773635, -73.987073289)"
82,987726451,03/31/2015 01:40:00 AM,Tuesday,Mar,31,2015,0100,Mar,31,2015,MURDER,FELONY,H,113,Queens,NYPD,1046367,186986,"(40.679700408, -73.776047368)"
83,987726450,04/01/2015 01:19:00 AM,Thursday,Mar,26,2015,1700,Mar,26,2015,MURDER,FELONY,H,043,Bronx,NYPD,1018880,241924,"(40.830641282, -73.874864735)"
84,987726452,04/02/2015 12:15:00 PM,Thursday,Apr,2,2015,1200,Apr,2,2015,MURDER,FELONY,,073,Brooklyn,NYPD,1008276,183623,"(40.670655072, -73.91339092)"
85,987726455,04/04/2015 03:27:00 AM,Saturday,Apr,4,2015,0300,Apr,4,2015,MURDER,FELONY,,122,Staten Island,NYPD,960610,156864,"(40.597208354, -74.085126746)"
86,987726454,04/05/2015 03:20:00 AM,Sunday,Apr,5,2015,0300,Apr,5,2015,MURDER,FELONY,,046,Bronx,NYPD,1011881,250411,"(40.853960274, -73.900120875)"
87,987726453,04/05/2015 05:09:00 PM,Sunday,Apr,5,2015,1700,Apr,5,2015,MURDER,FELONY,,114,Queens,NYPD-HOUSING BUREAU,1007654,219564,"(40.7693060870001, -73.91550818)"
88,987726457,04/08/2015 09:01:00 PM,Wednesday,Apr,8,2015,2100,Apr,8,2015,MURDER,FELONY,,046,Bronx,NYPD,1010010,251248,"(40.856263245, -73.9068809469999)"
89,987726478,04/12/2015 03:05:00 AM,Sunday,Apr,12,2015,0300,Apr,12,2015,MURDER,FELONY,,083,Brooklyn,NYPD,1006965,193571,"(40.697963515, -73.9180833619999)"
90,987726479,04/13/2015 11:28:00 AM,Monday,Apr,13,2015,1100,Apr,13,2015,MURDER,FELONY,,046,Bronx,NYPD,1011260,251672,"(40.857423263, -73.902360584)"
91,987726480,04/15/2015 10:22:00 AM,Wednesday,Apr,15,2015,1000,Apr,15,2015,MURDER,FELONY,,067,Brooklyn,NYPD,1004250,178341,"(40.6561671630001, -73.927919773)"
92,987726585,04/15/2015 05:58:00 PM,Wednesday,Apr,15,2015,1700,Apr,15,2015,MURDER,FELONY,,043,Bronx,NYPD,1020316,239179,"(40.823101299, -73.8696904609999)"
93,987726485,04/15/2015 10:40:00 PM,Wednesday,Apr,15,2015,2200,Apr,15,2015,MURDER,FELONY,,048,Bronx,NYPD,1013700,250702,"(40.8547531020001, -73.893544278)"
94,987726481,04/16/2015 04:20:00 PM,Thursday,Apr,16,2015,1600,Apr,16,2015,MURDER,FELONY,,105,Queens,NYPD,1057636,203954,"(40.72618713, -73.735233904)"
95,987726699,04/16/2015 08:00:00 PM,Thursday,Apr,16,2015,2000,Apr,16,2015,MURDER,FELONY,,066,Brooklyn,NYPD,985875,167412,"(40.62619183, -73.994147437)"
96,987726700,04/16/2015 08:00:00 PM,Thursday,Apr,16,2015,2000,Apr,16,2015,MURDER,FELONY,,066,Brooklyn,NYPD,985875,167412,"(40.62619183, -73.994147437)"
97,987726510,04/17/2015 08:26:00 AM,Friday,Apr,17,2015,0800,Apr,17,2015,MURDER,FELONY,,075,Brooklyn,NYPD,1018060,181555,"(40.66494692, -73.878131316)"
98,987726511,04/17/2015 07:09:00 PM,Friday,Apr,17,2015,1900,Apr,17,2015,MURDER,FELONY,,079,Brooklyn,NYPD-HOUSING BUREAU,997910,193383,"(40.6974661080001, -73.9507391719999)"
99,987726513,04/19/2015 04:25:00 AM,Sunday,Apr,19,2015,0400,Apr,19,2015,MURDER,FELONY,,103,Queens,NYPD,1046500,197761,"(40.70927426, -73.775468283)"
100,987726514,04/19/2015 02:29:00 PM,Sunday,Apr,19,2015,1400,Apr,19,2015,MURDER,FELONY,,102,Queens,NYPD,1030954,193887,"(40.6987367730001, -73.831568765)"
101,987726515,04/19/2015 07:14:00 PM,Sunday,Apr,19,2015,1900,Apr,19,2015,MURDER,FELONY,,075,Brooklyn,NYPD,1014000,187170,"(40.680373398, -73.8927410269999)"
102,987726517,04/21/2015 01:01:00 PM,Tuesday,Apr,21,2015,1300,Apr,21,2015,MURDER,FELONY,,075,Brooklyn,NYPD,1020870,187181,"(40.680377836, -73.867971956)"
103,987726521,04/27/2015 01:00:00 AM,Monday,Apr,27,2015,0100,Apr,27,2015,MURDER,FELONY,,090,Brooklyn,NYPD,994180,197484,"(40.708727362, -73.9641846809999)"
104,987726532,04/27/2015 05:45:00 PM,Monday,Apr,27,2015,1700,Apr,27,2015,MURDER,FELONY,,047,Bronx,NYPD,1023220,267025,"(40.899517755, -73.859036058)"
105,987726533,04/27/2015 08:27:00 PM,Monday,Apr,27,2015,2000,Apr,27,2015,MURDER,FELONY,,070,Brooklyn,NYPD,997466,171457,"(40.637284793, -73.9523833549999)"
106,987726534,04/27/2015 08:27:00 PM,Monday,Apr,27,2015,2000,Apr,27,2015,MURDER,FELONY,,070,Brooklyn,NYPD,997466,171457,"(40.637284793, -73.9523833549999)"
107,987726546,04/29/2015 12:33:00 PM,Wednesday,Apr,29,2015,1200,Apr,29,2015,MURDER,FELONY,,113,Queens,NYPD,1044720,190563,"(40.6895298320001, -73.7819532679999)"
108,987726562,05/02/2015 06:15:00 PM,Saturday,May,2,2015,1800,May,2,2015,MURDER,FELONY,,105,Queens,NYPD,1054720,198426,"(40.711037871, -73.745812281)"
109,987726572,05/05/2015 02:23:00 PM,Tuesday,May,5,2015,1400,May,5,2015,MURDER,FELONY,,110,Queens,NYPD,1019430,212105,"(40.7487940400001, -73.8730334699999)"
110,987726608,05/08/2015 02:22:00 AM,Friday,May,8,2015,0200,May,8,2015,MURDER,FELONY,,028,Manhattan,NYPD,997427,230378,"(40.7990087970001, -73.952408541)"
111,987726601,05/09/2015 12:43:00 PM,Saturday,May,9,2015,1200,May,9,2015,MURDER,FELONY,,113,Queens,NYPD,1040720,190569,"(40.6895727260001, -73.796376725)"
112,987726602,05/10/2015 02:59:00 AM,Sunday,May,10,2015,0200,May,10,2015,MURDER,FELONY,,120,Staten Island,NYPD,962748,174174,"(40.644726131, -74.0774831589999)"
113,987726603,05/10/2015 04:14:00 AM,Sunday,May,10,2015,0400,May,10,2015,MURDER,FELONY,,034,Manhattan,NYPD,1006850,254559,"(40.8653595960001, -73.918292944)"
114,987726605,05/10/2015 05:30:00 AM,Sunday,May,10,2015,0500,May,10,2015,MURDER,FELONY,,067,Brooklyn,NYPD,1001627,174239,"(40.6449136000001, -73.937383848)"
115,987726615,05/11/2015 12:01:00 PM,Monday,May,11,2015,1200,May,11,2015,MURDER,FELONY,,049,Bronx,NYPD,1020940,254814,"(40.866012176, -73.86735033)"
116,987726610,05/11/2015 09:06:00 PM,Monday,May,11,2015,2100,May,11,2015,MURDER,FELONY,,067,Brooklyn,NYPD,1004180,175829,"(40.6492724300001, -73.928179481)"
117,987726613,05/11/2015 10:55:00 PM,Monday,May,11,2015,2200,May,11,2015,MURDER,FELONY,,120,Staten Island,NYPD,951586,172261,"(40.639441225, -74.11769574)"
118,987726622,05/12/2015 11:42:00 PM,Tuesday,May,12,2015,2300,May,12,2015,MURDER,FELONY,,023,Manhattan,NYPD,999353,225822,"(40.7865007250001, -73.945462428)"
119,987726623,05/13/2015 09:42:00 AM,Wednesday,May,13,2015,0900,May,13,2015,MURDER,FELONY,,073,Brooklyn,NYPD-HOUSING BUREAU,1007030,185255,"(40.6751378380001, -73.917877065)"
120,987726641,05/17/2015 04:05:00 AM,Sunday,May,17,2015,0400,May,17,2015,MURDER,FELONY,,107,Queens,NYPD,1034388,197701,"(40.7091864970001, -73.819156071)"
121,987726651,05/18/2015 03:45:00 AM,Monday,May,18,2015,0300,May,18,2015,MURDER,FELONY,,014,Manhattan,NYPD,988236,212430,"(40.7497551610001, -73.9856153919999)"
122,987726646,05/18/2015 06:27:00 PM,Monday,May,18,2015,1800,May,18,2015,MURDER,FELONY,,083,Brooklyn,NYPD,1001350,194181,"(40.6996504540001, -73.938331423)"
123,987726652,05/19/2015 12:16:00 PM,Tuesday,May,19,2015,1200,May,19,2015,MURDER,FELONY,,090,Brooklyn,NYPD,1000280,197554,"(40.7089105470001, -73.942182277)"
124,987726654,05/20/2015 09:40:00 AM,Wednesday,May,20,2015,0900,May,20,2015,MURDER,FELONY,,052,Bronx,NYPD,1013016,254741,"(40.8658411920001, -73.8959994969999)"
125,987726660,05/22/2015 03:47:00 AM,Friday,May,22,2015,0300,May,22,2015,MURDER,FELONY,,079,Brooklyn,NYPD,996696,190463,"(40.6894531730001, -73.955122632)"
126,987726663,05/22/2015 08:30:00 AM,Friday,May,22,2015,0800,May,22,2015,MURDER,FELONY,,044,Bronx,NYPD,1007170,242892,"(40.8333363130001, -73.9171758909999)"
127,987726678,05/23/2015 07:22:00 PM,Saturday,May,23,2015,1900,May,23,2015,MURDER,FELONY,,044,Bronx,NYPD,1008790,243961,"(40.8362660550001, -73.911317821)"
128,987726677,05/24/2015 01:29:00 PM,Sunday,May,24,2015,1300,May,24,2015,MURDER,FELONY,,075,Brooklyn,NYPD,1020920,189151,"(40.685784826, -73.8677809659999)"
129,987726686,05/25/2015 08:58:00 PM,Monday,May,25,2015,2000,May,25,2015,MURDER,FELONY,,075,Brooklyn,NYPD,1017141,183798,"(40.671106911, -73.881432957)"
130,987726693,05/26/2015 02:19:00 AM,Tuesday,May,26,2015,0200,May,26,2015,MURDER,FELONY,,106,Queens,NYPD,1031800,186209,"(40.6776579570001, -73.8285719579999)"
131,987726694,05/26/2015 09:28:00 PM,Tuesday,May,26,2015,2100,May,26,2015,MURDER,FELONY,,070,Brooklyn,NYPD,995038,171204,"(40.636593652, -73.9611319959999)"
132,987726695,05/26/2015 11:17:00 PM,Tuesday,May,26,2015,2300,May,26,2015,MURDER,FELONY,,062,Brooklyn,NYPD,988312,156893,"(40.597318554, -73.985374556)"
133,987726698,05/27/2015 03:30:00 PM,Wednesday,May,27,2015,1500,May,27,2015,MURDER,FELONY,,081,Brooklyn,NYPD,1001960,186902,"(40.6796700740001, -73.936150632)"
134,987726707,05/28/2015 09:48:00 PM,Thursday,May,28,2015,2100,May,28,2015,MURDER,FELONY,,120,Staten Island,NYPD,962383,171825,"(40.6382777370001, -74.07879081)"
135,987726712,05/29/2015 06:32:00 PM,Friday,May,29,2015,1800,May,29,2015,MURDER,FELONY,,046,Bronx,NYPD,1007750,250446,"(40.8540683000001, -73.915053487)"
136,987726729,05/29/2015 11:20:00 PM,Friday,May,29,2015,2300,May,29,2015,MURDER,FELONY,,046,Bronx,NYPD,1007180,249133,"(40.850466005, -73.9171184159999)"
137,987726731,05/30/2015 01:25:00 AM,Saturday,May,30,2015,0100,May,30,2015,MURDER,FELONY,,040,Bronx,NYPD,1005860,235421,"(40.812833841, -73.92193387)"
138,987726726,05/30/2015 02:38:00 AM,Saturday,May,30,2015,0200,May,30,2015,MURDER,FELONY,,114,Queens,NYPD,1007654,219564,"(40.7693060870001, -73.91550818)"
139,987726742,05/30/2015 03:41:00 AM,Saturday,May,30,2015,0300,May,30,2015,MURDER,FELONY,,044,Bronx,NYPD,1007890,246406,"(40.8429793220001, -73.914561658)"
140,987726733,05/30/2015 03:58:00 AM,Saturday,May,30,2015,0300,May,30,2015,MURDER,FELONY,,073,Brooklyn,NYPD-HOUSING BUREAU,1007890,183448,"(40.6701757750001, -73.9147830109999)"
141,987726724,05/30/2015 07:37:00 PM,Saturday,May,30,2015,1900,May,30,2015,MURDER,FELONY,,073,Brooklyn,NYPD,1007940,179784,"(40.660118777, -73.914615644)"
142,987726738,06/02/2015 06:46:00 AM,Tuesday,Jun,2,2015,0600,Jun,2,2015,MURDER,FELONY,,102,Queens,NYPD,1035670,192640,"(40.69528791, -73.814570615)"
143,987726743,06/03/2015 09:40:00 PM,Wednesday,Jun,3,2015,2100,Jun,3,2015,MURDER,FELONY,,077,Brooklyn,NYPD,1004120,184197,"(40.672240876, -73.9283710459999)"
144,987726752,06/06/2015 04:33:00 AM,Saturday,Jun,6,2015,0400,Jun,6,2015,MURDER,FELONY,,023,Manhattan,NYPD-HOUSING BUREAU,1000940,226591,"(40.7886085700001, -73.939729642)"
145,987726755,06/07/2015 03:00:00 PM,Sunday,Jun,7,2015,1500,Jun,7,2015,MURDER,FELONY,,047,Bronx,NYPD,1024610,262544,"(40.887212597, -73.854035058)"
146,987726764,06/08/2015 09:47:00 PM,Monday,Jun,8,2015,2100,Jun,8,2015,MURDER,FELONY,,069,Brooklyn,NYPD-HOUSING BUREAU,1012810,175162,"(40.647418035, -73.8970823029999)"
147,987726768,06/09/2015 10:52:00 PM,Tuesday,Jun,9,2015,2200,Jun,9,2015,MURDER,FELONY,,048,Bronx,NYPD,1015109,251170,"(40.8560328090001, -73.888448814)"
148,987726785,06/10/2015 03:30:00 PM,Wednesday,Jun,10,2015,1500,Jun,10,2015,MURDER,FELONY,,102,Queens,NYPD,1024576,194555,"(40.700601637, -73.854566254)"
149,987726773,06/10/2015 06:49:00 PM,Wednesday,Jun,10,2015,1800,Jun,10,2015,MURDER,FELONY,,077,Brooklyn,NYPD,1003390,183441,"(40.6701674330001, -73.931004806)"
150,987726776,06/10/2015 11:42:00 PM,Wednesday,Jun,10,2015,2300,Jun,10,2015,MURDER,FELONY,,077,Brooklyn,NYPD,1002970,182973,"(40.668883776, -73.932520138)"
151,987726789,06/12/2015 01:18:00 AM,Friday,Jun,12,2015,0100,Jun,12,2015,MURDER,FELONY,,077,Brooklyn,NYPD,1001880,183866,"(40.671337099, -73.936447001)"
152,987726812,06/13/2015 04:15:00 AM,Saturday,Jun,13,2015,0400,Jun,13,2015,MURDER,FELONY,,070,Brooklyn,NYPD,995410,177999,"(40.655244, -73.959780431)"
153,987726926,06/14/2015 01:05:00 AM,Sunday,Jun,14,2015,0100,Jun,14,2015,MURDER,FELONY,,094,Brooklyn,NYPD,996051,200907,"(40.718120384, -73.957430126)"
154,987726829,06/18/2015 12:35:00 PM,Thursday,Jun,18,2015,1200,Jun,18,2015,MURDER,FELONY,,024,Manhattan,NYPD,993543,230539,"(40.7994556360001, -73.966436613)"
155,987726847,06/20/2015 06:20:00 AM,Saturday,Jun,20,2015,0600,Jun,20,2015,MURDER,FELONY,,114,Queens,NYPD,1002790,219545,"(40.7692654750001, -73.933068269)"
156,987726854,06/22/2015 12:02:00 AM,Monday,Jun,22,2015,0000,Jun,22,2015,MURDER,FELONY,,060,Brooklyn,NYPD,984704,150522,"(40.579832346, -73.998367055)"
157,987726870,06/25/2015 02:28:00 AM,Thursday,Jun,25,2015,0200,Jun,25,2015,MURDER,FELONY,,043,Bronx,NYPD,1022190,245569,"(40.840632144, -73.862883336)"
158,987726874,06/25/2015 07:26:00 PM,Thursday,Jun,25,2015,1900,Jun,25,2015,MURDER,FELONY,,042,Bronx,NYPD,1009030,239040,"(40.8227586530001, -73.910468677)"
159,987726883,06/27/2015 12:05:00 AM,Saturday,Jun,27,2015,0000,Jun,27,2015,MURDER,FELONY,,023,Manhattan,NYPD-HOUSING BUREAU,1000920,229634,"(40.796960821, -73.939794314)"
160,987726884,06/28/2015 12:30:00 AM,Sunday,Jun,28,2015,0000,Jun,28,2015,MURDER,FELONY,,113,Queens,NYPD,1047020,184394,"(40.6725813690001, -73.7737172189999)"
161,987726886,06/29/2015 12:21:00 AM,Monday,Jun,29,2015,0000,Jun,29,2015,MURDER,FELONY,,081,Brooklyn,NYPD,1004380,187807,"(40.6821489220001, -73.9274229769999)"
162,987726888,06/29/2015 10:46:00 PM,Monday,Jun,29,2015,2200,Jun,29,2015,MURDER,FELONY,,032,Manhattan,NYPD-HOUSING BUREAU,1001670,241486,"(40.8294898070001, -73.9370547789999)"
163,201589787726893,07/01/2015 10:25:00 PM,Wednesday,Jul,1,2015,2200,Jul,1,2015,MURDER,FELONY,,070,Brooklyn,NYPD,994561,177071,"(40.652697872, -73.962841673)"
164,201589787726900,07/03/2015 05:08:00 AM,Friday,Jul,3,2015,0500,Jul,3,2015,MURDER,FELONY,,044,Bronx,NYPD,1004910,240519,"(40.8268286840001, -73.925350113)"
165,201589787726902,07/03/2015 11:04:00 PM,Friday,Jul,3,2015,2300,Jul,3,2015,MURDER,FELONY,,079,Brooklyn,NYPD,1000630,190785,"(40.690330583, -73.940936312)"
166,201589787726901,07/04/2015 03:30:00 AM,Saturday,Jul,4,2015,0300,Jul,4,2015,MURDER,FELONY,,073,Brooklyn,NYPD-HOUSING BUREAU,1006030,185469,"(40.6757277360001, -73.9214814809999)"
167,201589787726915,07/05/2015 05:00:00 AM,Sunday,Jul,5,2015,0500,Jul,5,2015,MURDER,FELONY,,047,Bronx,NYPD,1026387,262634,"(40.887451313, -73.847607787)"
168,201589787726917,07/07/2015 03:30:00 AM,Tuesday,Jul,7,2015,0300,Jul,7,2015,MURDER,FELONY,,075,Brooklyn,NYPD,1014730,186730,"(40.6791632150001, -73.890111082)"
169,201589787726918,07/07/2015 01:20:00 PM,Tuesday,Jul,7,2015,1300,Jul,7,2015,MURDER,FELONY,,043,Bronx,NYPD,1021180,244763,"(40.838424192, -73.866537987)"
170,201589787726924,07/08/2015 09:35:00 AM,Wednesday,Jul,8,2015,0900,Jul,8,2015,MURDER,FELONY,,050,Bronx,NYPD,1009400,258136,"(40.875170467, -73.909060202)"
171,201589787726928,07/09/2015 08:30:00 PM,Thursday,Jul,9,2015,2000,Jul,9,2015,MURDER,FELONY,,040,Bronx,NYPD-HOUSING BUREAU,1004460,233795,"(40.8083742360001, -73.9269963579999)"
172,201589787726951,07/13/2015 02:31:00 AM,Monday,Jul,13,2015,0200,Jul,13,2015,MURDER,FELONY,,070,Brooklyn,NYPD,995947,172083,"(40.6390051650001, -73.9578553229999)"
173,201589787726954,07/13/2015 05:42:00 PM,Monday,Jul,13,2015,1700,Jul,13,2015,MURDER,FELONY,,067,Brooklyn,NYPD,1005440,180852,"(40.6630565360001, -73.923623025)"
174,201589787726959,07/13/2015 11:18:00 PM,Monday,Jul,13,2015,2300,Jul,13,2015,MURDER,FELONY,,023,Manhattan,NYPD,1000790,226862,"(40.789352675, -73.940270663)"
175,201589787726962,07/14/2015 08:52:00 PM,Tuesday,Jul,14,2015,2000,Jul,14,2015,MURDER,FELONY,,046,Bronx,NYPD,1011881,250411,"(40.853960274, -73.900120875)"
176,201589787726963,07/15/2015 12:50:00 AM,Wednesday,Jul,15,2015,0000,Jul,15,2015,MURDER,FELONY,,070,Brooklyn,NYPD,994913,171125,"(40.6363769640001, -73.9615825)"
177,201589787726970,07/16/2015 03:20:00 PM,Thursday,Jul,16,2015,1500,Jul,16,2015,MURDER,FELONY,,044,Bronx,NYPD,1004790,239947,"(40.825258988, -73.9257854639999)"
178,201589787726988,07/17/2015 08:55:00 PM,Friday,Jul,17,2015,2000,Jul,17,2015,MURDER,FELONY,,047,Bronx,NYPD,1026980,267302,"(40.900260621, -73.8454333449999)"
179,201589787726987,07/17/2015 09:18:00 PM,Friday,Jul,17,2015,2100,Jul,17,2015,MURDER,FELONY,,075,Brooklyn,NYPD,1018270,181972,"(40.6660906860001, -73.8773722559999)"
180,201589787726986,07/18/2015 02:29:00 AM,Saturday,Jul,18,2015,0200,Jul,18,2015,MURDER,FELONY,,075,Brooklyn,NYPD,1014175,181585,"(40.665043245, -73.892134878)"
181,201589787726983,07/18/2015 09:30:00 PM,Saturday,Jul,18,2015,2100,Jul,18,2015,MURDER,FELONY,,066,Brooklyn,NYPD,990859,171344,"(40.6369820250001, -73.976188905)"
182,201589787726989,07/19/2015 12:48:00 AM,Sunday,Jul,19,2015,0000,Jul,19,2015,MURDER,FELONY,,048,Bronx,NYPD,1017160,246883,"(40.844258865, -73.881055675)"
183,201589787726984,07/19/2015 07:01:00 AM,Sunday,Jul,19,2015,0700,Jul,19,2015,MURDER,FELONY,,120,Staten Island,NYPD,956627,163469,"(40.6153262010001, -74.0994961389999)"
184,201589787727000,07/19/2015 11:17:00 PM,Sunday,Jul,19,2015,2300,Jul,19,2015,MURDER,FELONY,,112,Queens,NYPD,1028480,202596,"(40.722653586, -73.840433734)"
185,201589787727083,07/22/2015 03:10:00 AM,Wednesday,Jul,22,2015,0300,Jul,22,2015,MURDER,FELONY,,088,Brooklyn,NYPD,994820,188402,"(40.683798638, -73.9618905)"
186,201589787727011,07/23/2015 08:40:00 AM,Thursday,Jul,23,2015,0800,Jul,23,2015,MURDER,FELONY,,040,Bronx,NYPD,1009500,236580,"(40.8160053180001, -73.9087797729999)"
187,201589787727012,07/23/2015 04:07:00 PM,Thursday,Jul,23,2015,1600,Jul,23,2015,MURDER,FELONY,,044,Bronx,NYPD,1008510,246084,"(40.8420938450001, -73.912322017)"
188,201589787727013,07/23/2015 04:07:00 PM,Thursday,Jul,23,2015,1600,Jul,23,2015,MURDER,FELONY,,044,Bronx,NYPD,1008510,246084,"(40.8420938450001, -73.912322017)"
189,201589787727340,07/23/2015 04:32:00 PM,Thursday,Jul,23,2015,1600,Jul,23,2015,MURDER,FELONY,,090,Brooklyn,NYPD,1000830,197854,"(40.7097329630001, -73.940197725)"
190,201589787727029,07/24/2015 09:11:00 AM,Friday,Jul,24,2015,0900,Jul,24,2015,MURDER,FELONY,,032,Manhattan,NYPD,1001810,236451,"(40.8156698810001, -73.9365620679999)"
191,201589787727032,07/25/2015 05:11:00 AM,Saturday,Jul,25,2015,0500,Jul,25,2015,MURDER,FELONY,,073,Brooklyn,NYPD,1009870,182483,"(40.667521558, -73.907649099)"
192,201589787727030,07/26/2015 05:00:00 AM,Sunday,Jul,26,2015,0500,Jul,26,2015,MURDER,FELONY,,047,Bronx,NYPD,1029330,256736,"(40.8712486140001, -73.8370037779999)"
193,201589787727062,08/01/2015 01:39:00 AM,Saturday,Aug,1,2015,0100,Aug,1,2015,MURDER,FELONY,,063,Brooklyn,NYPD-HOUSING BUREAU,1005710,170362,"(40.6342631150001, -73.9226831949999)"
194,201589787727063,08/02/2015 01:30:00 AM,Sunday,Aug,2,2015,0100,Aug,2,2015,MURDER,FELONY,,043,Bronx,NYPD,1023203,238742,"(40.821889599, -73.859261922)"
195,201589787727066,08/02/2015 02:20:00 AM,Sunday,Aug,2,2015,0200,Aug,2,2015,MURDER,FELONY,,088,Brooklyn,NYPD-HOUSING BUREAU,991348,192045,"(40.693801303, -73.974405224)"
196,201589787727084,08/05/2015 01:19:00 AM,Wednesday,Aug,5,2015,0100,Aug,5,2015,MURDER,FELONY,,105,Queens,NYPD,1054180,200052,"(40.71550512, -73.747743191)"
197,201589787727093,08/07/2015 04:00:00 AM,Friday,Aug,7,2015,0400,Aug,7,2015,MURDER,FELONY,,102,Queens,NYPD,1029930,194772,"(40.701171232, -73.835255694)"
198,201589787727108,08/07/2015 06:29:00 PM,Friday,Aug,7,2015,1800,Aug,7,2015,MURDER,FELONY,,063,Brooklyn,NYPD-HOUSING BUREAU,1006220,171222,"(40.636622382, -73.920842917)"
199,201589787727114,08/08/2015 08:42:00 PM,Saturday,Aug,8,2015,2000,Aug,8,2015,MURDER,FELONY,,073,Brooklyn,NYPD,1010289,185605,"(40.676089523, -73.906126672)"
200,201589787727121,08/13/2015 08:14:00 PM,Thursday,Aug,13,2015,2000,Aug,13,2015,MURDER,FELONY,,073,Brooklyn,NYPD,1007750,180038,"(40.6608164570001, -73.915299574)"
201,201589787727127,08/14/2015 04:46:00 AM,Friday,Aug,14,2015,0400,Aug,14,2015,MURDER,FELONY,,073,Brooklyn,NYPD-HOUSING BUREAU,1009920,184130,"(40.672042058, -73.9074625919999)"
202,201589787727128,08/15/2015 07:49:00 AM,Saturday,Aug,15,2015,0700,Aug,15,2015,MURDER,FELONY,,081,Brooklyn,NYPD,1001019,190844,"(40.6904917960001, -73.939533459)"
203,201589787727145,08/16/2015 02:50:00 AM,Sunday,Aug,16,2015,0200,Aug,16,2015,MURDER,FELONY,,033,Manhattan,NYPD,1001080,243677,"(40.835504615, -73.939181229)"
204,201589787727142,08/16/2015 03:06:00 AM,Sunday,Aug,16,2015,0300,Aug,16,2015,MURDER,FELONY,,083,Brooklyn,NYPD,1009740,192204,"(40.6942038620001, -73.908080941)"
205,201589787727143,08/16/2015 04:53:00 AM,Sunday,Aug,16,2015,0400,Aug,16,2015,MURDER,FELONY,,103,Queens,NYPD,1047650,196031,"(40.704517669, -73.7713365879999)"
206,201589787727146,08/16/2015 10:15:00 PM,Sunday,Aug,16,2015,2200,Aug,16,2015,MURDER,FELONY,,069,Brooklyn,NYPD,1010641,175525,"(40.648421119, -73.904897109)"
207,201589787727196,08/17/2015 06:17:00 AM,Monday,Aug,17,2015,0600,Aug,17,2015,MURDER,FELONY,,083,Brooklyn,NYPD,1007090,193432,"(40.6975816710001, -73.917633042)"
208,201589787727189,08/21/2015 08:10:00 AM,Friday,Aug,21,2015,0800,Aug,21,2015,MURDER,FELONY,,025,Manhattan,NYPD,1001800,232216,"(40.8040460010001, -73.9366092669999)"
209,201589787727190,08/21/2015 05:07:00 PM,Friday,Aug,21,2015,1700,Aug,21,2015,MURDER,FELONY,,001,Manhattan,NYPD,982761,204595,"(40.728250797, -74.005373732)"
210,201589787727191,08/22/2015 01:23:00 AM,Saturday,Aug,22,2015,0100,Aug,22,2015,MURDER,FELONY,,042,Bronx,NYPD,1010750,242580,"(40.8324699470001, -73.904240156)"
211,201589787727195,08/22/2015 04:00:00 AM,Saturday,Aug,22,2015,0400,Aug,22,2015,MURDER,FELONY,,077,Brooklyn,NYPD,1003440,184082,"(40.671926727, -73.9308227399999)"
212,201589787727172,08/22/2015 06:05:00 AM,Saturday,Aug,22,2015,0600,Aug,22,2015,MURDER,FELONY,,052,Bronx,NYPD,1014610,255957,"(40.8691734010001, -73.8902309699999)"
213,201589787727192,08/22/2015 07:30:00 AM,Saturday,Aug,22,2015,0700,Aug,22,2015,MURDER,FELONY,,083,Brooklyn,NYPD,1005150,194759,"(40.7012287690001, -73.924625186)"
214,201589787727193,08/23/2015 09:55:00 PM,Sunday,Aug,23,2015,2100,Aug,23,2015,MURDER,FELONY,,070,Brooklyn,NYPD,997239,170494,"(40.634641898, -73.953203104)"
215,201589787727202,08/24/2015 12:50:00 AM,Monday,Aug,24,2015,0000,Aug,24,2015,MURDER,FELONY,,090,Brooklyn,NYPD-HOUSING BUREAU,999671,195730,"(40.70390518, -73.9443830769999)"
216,201589787727250,08/24/2015 04:03:00 AM,Monday,Aug,24,2015,0400,Aug,24,2015,MURDER,FELONY,,083,Brooklyn,NYPD,1008640,194204,"(40.6996964940001, -73.912040449)"
217,201589787727205,08/25/2015 11:05:00 AM,Tuesday,Aug,25,2015,1100,Aug,25,2015,MURDER,FELONY,,050,Bronx,NYPD,1011810,263289,"(40.889306644, -73.900324557)"
218,201589787727209,08/26/2015 01:19:00 PM,Wednesday,Aug,26,2015,1300,Aug,26,2015,MURDER,FELONY,,046,Bronx,NYPD,1011330,249447,"(40.851316088, -73.902116523)"
219,201589787727210,08/26/2015 10:15:00 PM,Wednesday,Aug,26,2015,2200,Aug,26,2015,MURDER,FELONY,,061,Brooklyn,NYPD-HOUSING BUREAU,1002230,156383,"(40.595901401, -73.935258506)"
220,201589787727214,08/28/2015 01:54:00 AM,Friday,Aug,28,2015,0100,Aug,28,2015,MURDER,FELONY,,071,Brooklyn,NYPD,995200,179386,"(40.659051273, -73.960535025)"
221,201589787727257,08/28/2015 10:00:00 PM,Friday,Aug,28,2015,2200,Aug,28,2015,MURDER,FELONY,,007,Manhattan,NYPD,987521,201066,"(40.7185640660001, -73.988201454)"
222,201589787727226,08/29/2015 05:00:00 AM,Saturday,Aug,29,2015,0500,Aug,29,2015,MURDER,FELONY,,114,Queens,NYPD,1003640,220930,"(40.7730651160001, -73.929995601)"
223,201589787727234,08/30/2015 08:46:00 PM,Sunday,Aug,30,2015,2000,Aug,30,2015,MURDER,FELONY,,043,Bronx,NYPD,1018780,240972,"(40.828028708, -73.875230987)"
224,201589787727227,08/30/2015 08:53:00 PM,Sunday,Aug,30,2015,2000,Aug,30,2015,MURDER,FELONY,,101,Queens,NYPD,1051030,156181,"(40.5951136130001, -73.759540532)"
225,201589787727254,08/31/2015 09:34:00 PM,Monday,Aug,31,2015,2100,Aug,31,2015,MURDER,FELONY,,070,Brooklyn,NYPD,998093,169824,"(40.632801597, -73.950127585)"
226,201589787727238,09/01/2015 03:45:00 AM,Tuesday,Sep,1,2015,0300,Sep,1,2015,MURDER,FELONY,,041,Bronx,NYPD,1012240,239768,"(40.824747217, -73.898867578)"
227,201589787727252,09/04/2015 12:12:00 AM,Friday,Sep,4,2015,0000,Sep,4,2015,MURDER,FELONY,,077,Brooklyn,NYPD,1003090,184597,"(40.6733410370001, -73.932083027)"
228,201589787727251,09/04/2015 05:07:00 AM,Friday,Sep,4,2015,0500,Sep,5,2015,MURDER,FELONY,,071,Brooklyn,NYPD,998749,181383,"(40.664527498, -73.9477392909999)"
229,201589787727290,09/05/2015 04:40:00 PM,Saturday,Sep,5,2015,1600,Sep,5,2015,MURDER,FELONY,,115,Queens,NYPD,1014710,212607,"(40.75018942, -73.8900661069999)"
230,201589787727271,09/05/2015 08:24:00 PM,Saturday,Sep,5,2015,2000,Sep,5,2015,MURDER,FELONY,,077,Brooklyn,NYPD,994856,184939,"(40.6742934440001, -73.961766148)"
231,201589787727278,09/07/2015 02:05:00 AM,Monday,Sep,7,2015,0200,Sep,7,2015,MURDER,FELONY,,077,Brooklyn,NYPD,992870,184447,"(40.67294517, -73.9689264309999)"
232,201589787727277,09/07/2015 03:42:00 AM,Monday,Sep,7,2015,0300,Sep,7,2015,MURDER,FELONY,,071,Brooklyn,NYPD,996187,181705,"(40.665415142, -73.956973537)"
233,201589787727283,09/08/2015 12:15:00 PM,Tuesday,Sep,8,2015,1200,Sep,8,2015,MURDER,FELONY,,014,Manhattan,NYPD,992154,216394,"(40.7606327, -73.9714700979999)"
234,201589787727368,09/08/2015 04:15:00 PM,Tuesday,Sep,8,2015,1600,Sep,8,2015,MURDER,FELONY,,014,Manhattan,NYPD,986962,214020,"(40.754119792, -73.990212802)"
235,201589787727286,09/09/2015 07:03:00 PM,Wednesday,Sep,9,2015,1900,Sep,9,2015,MURDER,FELONY,,077,Brooklyn,NYPD,1001200,185003,"(40.6744592370001, -73.938895476)"
236,201589787727291,09/10/2015 11:17:00 PM,Thursday,Sep,10,2015,2300,Sep,10,2015,MURDER,FELONY,,109,Queens,NYPD,1036223,223039,"(40.778722235, -73.812341547)"
237,201589787727306,09/11/2015 12:03:00 PM,Friday,Sep,11,2015,1200,Sep,11,2015,MURDER,FELONY,,101,Queens,NYPD,1051510,157483,"(40.5986836980001, -73.757799198)"
238,201589787727305,09/12/2015 05:33:00 AM,Saturday,Sep,12,2015,0500,Sep,12,2015,MURDER,FELONY,,061,Brooklyn,NYPD,990013,155365,"(40.5931235580001, -73.9792507179999)"
239,201589787727310,09/14/2015 09:09:00 PM,Monday,Sep,14,2015,2100,Sep,14,2015,MURDER,FELONY,,072,Brooklyn,NYPD,982447,173132,"(40.641891984, -74.006498214)"
240,201589787727307,09/14/2015 09:30:00 PM,Monday,Sep,14,2015,2100,Sep,14,2015,MURDER,FELONY,,040,Bronx,NYPD-HOUSING BUREAU,1008710,237887,"(40.8195948870001, -73.911629073)"
241,201589787727311,09/15/2015 03:06:00 PM,Tuesday,Sep,15,2015,1500,Sep,15,2015,MURDER,FELONY,,040,Bronx,NYPD-HOUSING BUREAU,1006540,238697,"(40.82182385, -73.919466445)"
242,201589787727360,09/16/2015 05:42:00 PM,Wednesday,Sep,16,2015,1700,Sep,16,2015,MURDER,FELONY,,046,Bronx,NYPD,1008839,248756,"(40.849426787, -73.911123163)"
243,201589787727313,09/17/2015 12:51:00 AM,Thursday,Sep,17,2015,0000,Sep,17,2015,MURDER,FELONY,,075,Brooklyn,NYPD,1017141,183798,"(40.671106911, -73.881432957)"
244,201589787727325,09/19/2015 05:40:00 PM,Saturday,Sep,19,2015,1700,Sep,19,2015,MURDER,FELONY,,070,Brooklyn,NYPD,994907,176068,"(40.6499444450001, -73.9615963099999)"
245,201589787727326,09/19/2015 07:56:00 PM,Saturday,Sep,19,2015,1900,Sep,19,2015,MURDER,FELONY,,048,Bronx,NYPD,1014658,247117,"(40.844910096, -73.89009752)"
246,201589787727328,09/19/2015 10:35:00 PM,Saturday,Sep,19,2015,2200,Sep,19,2015,MURDER,FELONY,,023,Manhattan,NYPD,1001630,229239,"(40.7958752850001, -73.9372310269999)"
247,201589787727329,09/20/2015 01:40:00 AM,Sunday,Sep,20,2015,0100,Sep,20,2015,MURDER,FELONY,,088,Brooklyn,NYPD,989209,192197,"(40.6942199640001, -73.982118597)"
248,201589787727330,09/20/2015 01:40:00 AM,Sunday,Sep,20,2015,0100,Sep,20,2015,MURDER,FELONY,,088,Brooklyn,NYPD,989209,192197,"(40.6942199640001, -73.982118597)"
249,201589787727331,09/20/2015 01:40:00 AM,Sunday,Sep,20,2015,0100,Sep,20,2015,MURDER,FELONY,,088,Brooklyn,NYPD,989209,192197,"(40.6942199640001, -73.982118597)"
250,201589787727332,09/20/2015 02:49:00 PM,Sunday,Sep,20,2015,1400,Sep,20,2015,MURDER,FELONY,,052,Bronx,NYPD,1013912,254446,"(40.8650285410001, -73.892761364)"
251,201589787727337,09/21/2015 01:26:00 AM,Monday,Sep,21,2015,0100,Sep,21,2015,MURDER,FELONY,,048,Bronx,NYPD,1011779,246746,"(40.843901255, -73.900504632)"
252,201589787727358,09/26/2015 02:00:00 AM,Saturday,Sep,26,2015,0200,Sep,26,2015,MURDER,FELONY,,042,Bronx,NYPD,1010040,241269,"(40.828873731, -73.906810875)"
253,201589787727357,09/26/2015 05:43:00 AM,Saturday,Sep,26,2015,0500,Sep,26,2015,MURDER,FELONY,,005,Manhattan,NYPD-HOUSING BUREAU,985279,197972,"(40.7100723180001, -73.996289846)"
254,201589787727356,09/27/2015 04:41:00 PM,Sunday,Sep,27,2015,1600,Sep,27,2015,MURDER,FELONY,,025,Manhattan,NYPD-HOUSING BUREAU,1002410,231302,"(40.8015360900001, -73.934408364)"
255,201589787727362,09/28/2015 03:59:00 AM,Monday,Sep,28,2015,0300,Sep,28,2015,MURDER,FELONY,,114,Queens,NYPD,1008440,218626,"(40.766729406, -73.912673936)"
256,201589787727367,09/28/2015 02:45:00 PM,Monday,Sep,28,2015,1400,Sep,28,2015,MURDER,FELONY,,052,Bronx,NYPD,1009090,252662,"(40.860146887, -73.9102014379999)"
257,201589787727369,09/30/2015 08:46:00 PM,Wednesday,Sep,30,2015,2000,Sep,30,2015,MURDER,FELONY,,045,Bronx,NYPD,1025710,244278,"(40.8370729050001, -73.8501697849999)"
